{
	"pattrstorage" : 	{
		"name" : "sets",
		"slots" : 		{
			"1" : 			{
				"id" : 1,
				"data" : 				{
					"span-n" : [ 12 ],
					"k1-onsets" : [ 11 ],
					"k1-rot" : [ 7 ],
					"k2-onsets" : [ 8 ],
					"k2-rot" : [ 0 ],
					"k3-onsets" : [ 0 ],
					"k3-rot" : [ 0 ],
					"k4-onsets" : [ 0 ],
					"k4-rot" : [ 0 ],
					"setname" : [ "Clap Music (a)" ]
				}

			}
,
			"2" : 			{
				"id" : 2,
				"data" : 				{
					"span-n" : [ 12 ],
					"k1-onsets" : [ 11 ],
					"k1-rot" : [ 7 ],
					"k2-onsets" : [ 8 ],
					"k2-rot" : [ 11 ],
					"k3-onsets" : [ 0 ],
					"k3-rot" : [ 0 ],
					"k4-onsets" : [ 0 ],
					"k4-rot" : [ 0 ],
					"setname" : [ "Clap Music (b)" ]
				}

			}
,
			"3" : 			{
				"id" : 3,
				"data" : 				{
					"span-n" : [ 12 ],
					"k1-onsets" : [ 11 ],
					"k1-rot" : [ 9 ],
					"k2-onsets" : [ 8 ],
					"k2-rot" : [ 7 ],
					"k3-onsets" : [ 0 ],
					"k3-rot" : [ 0 ],
					"k4-onsets" : [ 0 ],
					"k4-rot" : [ 0 ],
					"setname" : [ "Clap Music (c)" ]
				}

			}
,
			"4" : 			{
				"id" : 4,
				"data" : 				{
					"span-n" : [ 16 ],
					"k1-onsets" : [ 5 ],
					"k1-rot" : [ 10 ],
					"k2-onsets" : [ 0 ],
					"k2-rot" : [ 0 ],
					"k3-onsets" : [ 0 ],
					"k3-rot" : [ 0 ],
					"k4-onsets" : [ 0 ],
					"k4-rot" : [ 0 ],
					"setname" : [ "basso nova" ]
				}

			}
,
			"5" : 			{
				"id" : 5,
				"data" : 				{
					"span-n" : [ 16 ],
					"k1-onsets" : [ 13 ],
					"k1-rot" : [ 3 ],
					"k2-onsets" : [ 5 ],
					"k2-rot" : [ 3 ],
					"k3-onsets" : [ 0 ],
					"k3-rot" : [ 0 ],
					"k4-onsets" : [ 0 ],
					"k4-rot" : [ 0 ],
					"setname" : [ "shiko" ]
				}

			}
,
			"6" : 			{
				"id" : 6,
				"data" : 				{
					"span-n" : [ 16 ],
					"k1-onsets" : [ 14 ],
					"k1-rot" : [ 0 ],
					"k2-onsets" : [ 5 ],
					"k2-rot" : [ 9 ],
					"k3-onsets" : [ 0 ],
					"k3-rot" : [ 0 ],
					"k4-onsets" : [ 0 ],
					"k4-rot" : [ 0 ],
					"setname" : [ "clave son" ]
				}

			}
,
			"7" : 			{
				"id" : 7,
				"data" : 				{
					"span-n" : [ 16 ],
					"k1-onsets" : [ 14 ],
					"k1-rot" : [ 6 ],
					"k2-onsets" : [ 5 ],
					"k2-rot" : [ 9 ],
					"k3-onsets" : [ 0 ],
					"k3-rot" : [ 0 ],
					"k4-onsets" : [ 0 ],
					"k4-rot" : [ 0 ],
					"setname" : [ "rumba" ]
				}

			}
,
			"8" : 			{
				"id" : 8,
				"data" : 				{
					"span-n" : [ 16 ],
					"k1-onsets" : [ 15 ],
					"k1-rot" : [ 0 ],
					"k2-onsets" : [ 9 ],
					"k2-rot" : [ 0 ],
					"k3-onsets" : [ 5 ],
					"k3-rot" : [ 6 ],
					"k4-onsets" : [ 0 ],
					"k4-rot" : [ 0 ],
					"setname" : [ "soukous" ]
				}

			}
,
			"9" : 			{
				"id" : 9,
				"data" : 				{
					"span-n" : [ 16 ],
					"k1-onsets" : [ 15 ],
					"k1-rot" : [ 8 ],
					"k2-onsets" : [ 14 ],
					"k2-rot" : [ 11 ],
					"k3-onsets" : [ 5 ],
					"k3-rot" : [ 12 ],
					"k4-onsets" : [ 0 ],
					"k4-rot" : [ 0 ],
					"setname" : [ "gahu" ]
				}

			}
,
			"10" : 			{
				"id" : 10,
				"data" : 				{
					"span-n" : [ 12 ],
					"k1-onsets" : [ 5 ],
					"k1-rot" : [ 0 ],
					"k2-onsets" : [ 0 ],
					"k2-rot" : [ 0 ],
					"k3-onsets" : [ 0 ],
					"k3-rot" : [ 0 ],
					"k4-onsets" : [ 0 ],
					"k4-rot" : [ 0 ],
					"setname" : [ "fume-fume" ]
				}

			}
,
			"11" : 			{
				"id" : 11,
				"data" : 				{
					"span-n" : [ 12 ],
					"k1-onsets" : [ 7 ],
					"k1-rot" : [ 11 ],
					"k2-onsets" : [ 0 ],
					"k2-rot" : [ 0 ],
					"k3-onsets" : [ 0 ],
					"k3-rot" : [ 0 ],
					"k4-onsets" : [ 0 ],
					"k4-rot" : [ 0 ],
					"setname" : [ "bembé binary" ]
				}

			}
,
			"12" : 			{
				"id" : 12,
				"data" : 				{
					"span-n" : [ 16 ],
					"k1-onsets" : [ 12 ],
					"k1-rot" : [ 2 ],
					"k2-onsets" : [ 7 ],
					"k2-rot" : [ 11 ],
					"k3-onsets" : [ 0 ],
					"k3-rot" : [ 0 ],
					"k4-onsets" : [ 0 ],
					"k4-rot" : [ 0 ],
					"setname" : [ "bembé ternary" ]
				}

			}
,
			"13" : 			{
				"id" : 13,
				"data" : 				{
					"span-n" : [ 12 ],
					"k1-onsets" : [ 11 ],
					"k1-rot" : [ 1 ],
					"k2-onsets" : [ 6 ],
					"k2-rot" : [ 5 ],
					"k3-onsets" : [ 5 ],
					"k3-rot" : [ 2 ],
					"k4-onsets" : [ 0 ],
					"k4-rot" : [ 0 ],
					"setname" : [ "flamenco buleria" ]
				}

			}
,
			"14" : 			{
				"id" : 14,
				"data" : 				{
					"span-n" : [ 12 ],
					"k1-onsets" : [ 11 ],
					"k1-rot" : [ 10 ],
					"k2-onsets" : [ 7 ],
					"k2-rot" : [ 7 ],
					"k3-onsets" : [ 0 ],
					"k3-rot" : [ 0 ],
					"k4-onsets" : [ 0 ],
					"k4-rot" : [ 0 ],
					"setname" : [ "harm min scale" ]
				}

			}
,
			"15" : 			{
				"id" : 15,
				"data" : 				{
					"span-n" : [ 12 ],
					"k1-onsets" : [ 11 ],
					"k1-rot" : [ 3 ],
					"k2-onsets" : [ 10 ],
					"k2-rot" : [ 5 ],
					"k3-onsets" : [ 9 ],
					"k3-rot" : [ 6 ],
					"k4-onsets" : [ 7 ],
					"k4-rot" : [ 7 ],
					"setname" : [ "enig scale asc" ]
				}

			}
,
			"16" : 			{
				"id" : 16,
				"data" : 				{
					"span-n" : [ 12 ],
					"k1-onsets" : [ 11 ],
					"k1-rot" : [ 3 ],
					"k2-onsets" : [ 10 ],
					"k2-rot" : [ 6 ],
					"k3-onsets" : [ 9 ],
					"k3-rot" : [ 6 ],
					"k4-onsets" : [ 7 ],
					"k4-rot" : [ 7 ],
					"setname" : [ "enig scale desc" ]
				}

			}
,
			"17" : 			{
				"id" : 17,
				"data" : 				{
					"span-n" : [ 14 ],
					"k1-onsets" : [ 13 ],
					"k1-rot" : [ 2 ],
					"k2-onsets" : [ 11 ],
					"k2-rot" : [ 4 ],
					"k3-onsets" : [ 4 ],
					"k3-rot" : [ 3 ],
					"k4-onsets" : [ 0 ],
					"k4-rot" : [ 0 ],
					"setname" : [ "tala dhamar" ]
				}

			}
,
			"18" : 			{
				"id" : 18,
				"data" : 				{
					"span-n" : [ 7 ],
					"k1-onsets" : [ 3 ],
					"k1-rot" : [ 3 ],
					"k2-onsets" : [ 0 ],
					"k2-rot" : [ 0 ],
					"k3-onsets" : [ 0 ],
					"k3-rot" : [ 0 ],
					"k4-onsets" : [ 0 ],
					"k4-rot" : [ 0 ],
					"setname" : [ "tresillo" ]
				}

			}

		}

	}

}
